size,runtime_ns
2,2193.450927734375
4,1871.5858459472656
8,2014.636993408203
16,2360.3439331054688
32,4673.004150390625
64,14650.821685791016
128,9552145.004272461
256,1410233.974456787
512,21999931.33544922
1024,21433651.447296143
